序号,链接,节点数
0,https://raw.githubusercontent.com/Alvin9999/pac2/master/clash.meta2/1/config.yaml,1
1,https://raw.githubusercontent.com/Alvin9999/pac2/master/clash.meta2/13/config.yaml,1
2,https://raw.githubusercontent.com/Alvin9999/pac2/master/clash.meta2/15/config.yaml,1
3,https://raw.githubusercontent.com/Alvin9999/pac2/master/clash.meta2/2/config.yaml,1
4,https://raw.githubusercontent.com/Alvin9999/pac2/master/clash.meta2/config.yaml,1
5,https://raw.githubusercontent.com/Misaka-blog/chromego_merge/refs/heads/main/sub/merged_proxies_new.yaml,12
6,https://raw.githubusercontent.com/Pawdroid/Free-servers/main/sub,4
7,https://raw.githubusercontent.com/Surfboardv2ray/TGParse/main/python/hy2,83
8,https://raw.githubusercontent.com/ripaojiedian/freenode/main/sub,17
9,https://raw.githubusercontent.com/zhangkaiitugithub/passcro/main/speednodes.yaml,11

总计,,114
